[
    {
        "name":"SWORD",
        "weapon_icon_path":"Assets/Images/Icons/Weapons/steelSword.png",
        "materials":[
            {
                "name":"Wood", 
                "icon_path":"Assets/Images/Icons/Wood_Icon.png",
                "completed_icon_path":"Assets/Images/Icons/Wood_Complete_Icon.png"
            },
            {
                "name":"Steel", 
                "icon_path":"Assets/Images/Icons/Steel_Icon.png",
                "completed_icon_path":"Assets/Images/Icons/Steel_Complete_Icon.png"
            }
        ]
    },
    {
        "name":"BOW",
        "weapon_icon_path":"Assets/Images/Icons/Weapons/steelBow.png",
        "materials":[
            {
                "name":"Wood", 
                "icon_path":"Assets/Images/Icons/Wood_Icon.png",
                "completed_icon_path":"Assets/Images/Icons/Wood_Complete_Icon.png"
            },
            {
                "name":"String",
                "icon_path":"Assets/Images/Icons/String_Icon.png",
                "completed_icon_path":"Assets/Images/Icons/String_Complete_Icon.png"
            }
        ]
    },
    {
        "name":"AX",
        "weapon_icon_path":"Assets/Images/Icons/Weapons/titaAxe.png",
        "materials":[
            {
                "name":"Wood",
                "icon_path":"Assets/Images/Icons/Wood_Icon.png",
                "completed_icon_path":"Assets/Images/Icons/Wood_Complete_Icon.png"
            },
            {
                "name":"Titanium",
                "icon_path":"Assets/Images/Icons/Titanium_Icon.png",
                "completed_icon_path":"Assets/Images/Icons/Titanium_Complete_Icon.png"
            }
        ]
    }
]