{
    "map": 
    [
        {"data_index":"0", "object":"Default_Tiles"},
        {"data_index":"1", "object":"Cracked_Tiles"},
        {"data_index":"2", "object":"Decorative_Tiles"},
        {"data_index":"3", "object":"Center_Tiles"},
        {"data_index":"4", "object":"Grass"},
        {"data_index":"5", "object":"Wood_Deposit"},
        {"data_index":"6", "object":"Steel_Deposit"},
        {"data_index":"7", "object":"String_Deposit"},
        {"data_index":"8", "object":"Titanium_Deposit"},
        {"data_index":"L", "object":"Anvil_Left"},
        {"data_index":"R", "object":"Anvil_Right"}
    ],
    "grid_data": 
    [
        "4444444444444444",
        "4444444444444444",
        "4422222222222244",
        "4425001LR0006244",
        "4420000100000244",
        "4420001000000244",
        "4420000000000244",
        "4420000000000244",
        "4421000000100244",
        "4420000000000244",
        "4420000001000244",
        "4420000000000244",
        "4427000000008244",
        "4422222222222244",
        "4444444444444444",
        "4444444444444444"
    ]
}